boring,fun,hate,language,lecture,love,natural,nlp,powerful,processing
0.0,0.0,0.0,0.5,0.0,0.5,0.5,0.0,0.0,0.5
0.0,0.5773502691896257,0.0,0.0,0.0,0.0,0.0,0.5773502691896257,0.5773502691896257,0.0
0.5773502691896257,0.0,0.5773502691896257,0.0,0.5773502691896257,0.0,0.0,0.0,0.0,0.0
